id;provider;api_key;api_secret;status;last_heartbeat
1;beyond appreciate awful;boohoo other;yippee between;ENABLED;2025-11-11T17:24:24
2;atop so;ick inasmuch;randomize emerge;ENABLED;2025-11-11T13:27:08
3;concerning aw yippee;content;ha since innocently;DISABLED;2025-11-12T01:43:13
4;zen foodstuffs zowie;short;unless till midst;ENABLED;2025-11-11T20:39:57
5;incidentally around;meh serpentine;since;ENABLED;2025-11-12T05:45:01
6;because needy jubilantly;wafer;underplay putrid pace;DISABLED;2025-11-11T20:37:45
7;past plump sans;for;psst the far;DISABLED;2025-11-12T03:07:51
8;upon recount;pry;because hopelessly;DISABLED;2025-11-12T02:06:02
9;dependency;yippee;voluntarily;DISABLED;2025-11-11T21:47:15
10;astride unlike;ouch shadowy badly;grok puritan;ENABLED;2025-11-12T03:02:05
